[
  {
    "product": "Hair Color",
    "quantity": 5,
    "price": 500,
    "total": 2500
  },
  {
    "product": "Hair Color",
    "quantity": 5,
    "price": 500,
    "total": 2500
  },
  {
    "product": "Hair Color",
    "quantity": 8,
    "price": 500,
    "total": 4000
  },
  {
    "product": "Golden Garlic Hair Oil",
    "quantity": 4,
    "price": 350,
    "total": 1400
  },
  {
    "product": "Hair Color",
    "quantity": 4,
    "price": 500,
    "total": 2000
  },
  {
    "product": "Hair Color",
    "quantity": 3,
    "price": 500,
    "total": 1500
  },
  {
    "product": "Hair Color",
    "quantity": 3,
    "price": 500,
    "total": 1500
  },
  {
    "product": "Hair Color",
    "quantity": 3,
    "price": 500,
    "total": 1500
  }
]